CREATE TABLE USUARIOS (
ID_USUARIO INT NOT NULL AUTO_INCREMENT, 
NOMBRE VARCHAR(50) NOT NULL, 
EMAIL VARCHAR(50) NOT NULL, 
PRIMARY KEY (ID_USUARIO) 
);

CREATE TABLE NOTAS (
ID_NOTA INT NOT NULL AUTO_INCREMENT, 
TITULO VARCHAR(100) NOT NULL, 
CREATED_AT DATE NOT NULL, 
UPDATED_AT DATE NULL, 
DELETED_AT DATE NULL, 
DESCRIPCION TEXT,
ID_USUARIO INT NOT NULL AUTO_INCREMENT, 
PRIMARY KEY (ID_NOTA),
FOREIGN KEY (ID_USUARIO) REFERENCES USUARIOS (ID_USUARIO)
);

CREATE TABLE CATEGORIAS(
ID_CATEGORIA INT AUTO_INCREMENT,
NOMBRE_CATEGORIA VARCHAR(50) NOT NULL, 
ID_CATEGORIA_NOTA INT AUTO_INCREMENT,
PRIMARY KEY(ID_CATEGORIA),
FOREIGN KEY (ID_CATEGORIA_NOTA) REFERENCES CATEGORIAS_NOTAS (ID_CATEGORIA_NOTA)
);

CREATE TABLE CATEGORIAS_NOTAS (
ID_CATEGORIA_NOTA INT AUTO_INCREMENT,
ID_CATEGORIA INT AUTO_INCREMENT,
ID_NOTA INT NOT NULL AUTO_INCREMENT, 
PRIMARY KEY (ID_CATEGORIA_NOTA),
FOREIGN KEY (ID_NOTA) REFERENCES NOTAS (ID_NOTA),
FOREIGN KEY (ID_CATEGORIA) REFERENCES CATEGORIAS
);

INSERT INTO USUARIOS (ID_USUARIO, NOMBRE, EMAIL)
VALUES (1,'Sofía', 'mariasofiasassone@gmail.com'),(2, 'Agustina', 'agusassone_98@gmail.com'),(3, 'Alejandro', 'alesassone@gmail.com'),(4,'Ximena', 'ximeferra@gmail.com'),(5,'Rodrigo', 'rodrif@gmail.com'), (6,'Fede','fede@gmail.com'), (7,'María', 'maría9000@gmail.com'),(8,'Micaela','mica@gmail.com'), (9,'Agostina', 'agos@gmail.com'), (10,'Agustina','agus09@gmail.com');

INSERT INTO NOTAS (ID_NOTA, TIULO, CREATED_AT, UPDATED_AT, DELETED_AT, DESCRIPCION,ID_USUARIO)
VALUES (1,'Historia Banana Split', 08/10/2020,08/12/2020,NULL,'Descripción 1',3),(2,'Historia Chocolate', 10/10/2020,08/02/2021,NULL,'Descripción 2',2),(3,'El Deporte', 11/10/2020,09/02/2021,NULL,'Descripción 3',1),(4,'NeoFit', 12/10/2020,10/02/2021,NULL,'Descripción 4',4),(5,'Creación del Teléfono', 13/10/2020,13/02/2021,14/09/2021,'Descripción 5',5),(6,'Las Uniqlo', 12/10/2020,10/02/2021,NULL,'Descripción 6',6),
(7,'JavaScript', 12/12/2020,10/05/2021,NULL,'Descripción 7',7),(8,'ITBA', 12/11/2020,10/05/2021,NULL,'Descripción 8',8),(9,'UCA', 20/11/2020,10/02/2021,NULL,'Descripción 9',9),(10,'Tenis', 12/10/2020,NULL,NULL,'Descripción 10',10);

INSERT INTO CATEGORIAS (ID_CATEGORIA, NOMBRE_CATEGORIA)
VALUES (1,'Comidas'), (2,'Deporte'), (3, 'Historias'), (4,'Universidades'),(5,'Helados'),(6,'Ropa'),( 7,'Música'), (8,'Instrumentos'), (9,'Innovación'),(10,'Sistemas');

INSERT INTO CATEGORIAS_NOTAS (ID_CATEGORIA_NOTA,ID_CATEGORIA,ID_NOTA)
VALUES (DEFAULT, 1 , 3), (DEFAULT, 1 , 1) , (DEFAULT, 4 , 8) , (DEFAULT,1 , 5) ,  (DEFAULT,6, 6) , (DEFAULT,5 ,2) , (DEFAULT, 4 , 9) , (DEFAULT, 10 , 7), (DEFAULT,9 ,7) , (DEFAULT,2 ,10); 

















